Threads,Method,Execution Time (s),Speedup,Efficiency (%)
1,Pthreads,2.315791,1.1706445011661242,117.06445011661242
2,Pthreads,1.313165,2.0644534388290885,103.22267194145442
3,Pthreads,0.884921,3.0635141442004428,102.11713814001475
4,Pthreads,1.194675,2.269209617678448,56.7302404419612
5,Pthreads,1.25078,2.1674219287164807,43.34843857432961
6,Pthreads,1.053916,2.5722809028423512,42.871348380705854
7,Pthreads,0.794706,3.411284173014926,48.73263104307037
9,Pthreads,0.870032,3.1159405631057244,34.621561812285826
10,Pthreads,0.834768,3.2475705824851935,32.475705824851936
11,Pthreads,0.812278,3.337487904387414,30.340799130794675
12,Pthreads,0.793988,3.4143689829065424,28.453074857554522
13,Pthreads,0.773896,3.5030133247878266,26.94625634452174
14,Pthreads,0.789038,3.4357888973661597,24.54134926690114
15,Pthreads,0.761823,3.558527374468872,23.72351582979248
16,Pthreads,0.76798,3.52999817703586,22.062488606474126
1,OpenMP,2.25637,1.2014731626461972,120.14731626461972
2,OpenMP,1.221425,2.2195124547147795,110.97562273573898
3,OpenMP,0.825444,3.2842542922354516,109.47514307451505
4,OpenMP,0.694503,3.903464779849763,97.58661949624408
5,OpenMP,0.583439,4.64653202819832,92.93064056396639
6,OpenMP,0.489271,5.540831154922323,92.34718591537204
7,OpenMP,0.444641,6.096981609883029,87.09973728404327
8,OpenMP,0.394412,6.873441984523797,85.91802480654746
9,OpenMP,0.45327,5.980912039181944,66.4545782131327
11,OpenMP,0.452297,5.993778424353908,54.48889476685371
12,OpenMP,0.416993,6.501231435539685,54.176928629497375
13,OpenMP,0.429116,6.317564481398969,48.59664985691514
14,OpenMP,0.432658,6.265845078560895,44.756036275434965
15,OpenMP,0.420606,6.4453859431391844,42.969239620927894
16,OpenMP,0.421191,6.436433826933624,40.22771141833515
